"repo","source_path","current_role","correct_owner","action","target_path","risk","reason","import_rewrite","approved"
"LeeWay-Agents-the-World-Within","LeeWay-Agents-the-World-Within/agents/MCP agents/contracts/job-contract.ts","duplicate","agent-lee-agentic-os","QUARANTINE","","low","duplicate across repos canonical agent-lee-agentic-os","false","false"
"LeeWay-Edge-Integrated","LeeWay-Edge-Integrated/gpu/agents/MCP agents/contracts/job-contract.ts","duplicate","agent-lee-agentic-os","QUARANTINE","","low","duplicate across repos canonical agent-lee-agentic-os","false","false"
"LeewayEdgeWebGPU","LeewayEdgeWebGPU/agents/MCP agents/contracts/job-contract.ts","duplicate","agent-lee-agentic-os","QUARANTINE","","low","duplicate across repos canonical agent-lee-agentic-os","false","false"
"LeeWay-Agents-the-World-Within","LeeWay-Agents-the-World-Within/agents/MCP agents/desktop-commander-agent-mcp/index.ts","duplicate","agent-lee-agentic-os","QUARANTINE","","low","duplicate across repos canonical agent-lee-agentic-os","false","false"
"LeeWay-Edge-Integrated","LeeWay-Edge-Integrated/gpu/agents/MCP agents/desktop-commander-agent-mcp/index.ts","duplicate","agent-lee-agentic-os","QUARANTINE","","low","duplicate across repos canonical agent-lee-agentic-os","false","false"
"LeewayEdgeWebGPU","LeewayEdgeWebGPU/agents/MCP agents/desktop-commander-agent-mcp/index.ts","duplicate","agent-lee-agentic-os","QUARANTINE","","low","duplicate across repos canonical agent-lee-agentic-os","false","false"
"LeeWay-Agents-the-World-Within","LeeWay-Agents-the-World-Within/agents/MCP agents/desktop-commander-agent-mcp/lib/path-guard.ts","duplicate","agent-lee-agentic-os","QUARANTINE","","low","duplicate across repos canonical agent-lee-agentic-os","false","false"
"LeewayEdgeWebGPU","LeewayEdgeWebGPU/agents/MCP agents/desktop-commander-agent-mcp/lib/path-guard.ts","duplicate","agent-lee-agentic-os","QUARANTINE","","low","duplicate across repos canonical agent-lee-agentic-os","false","false"
"LeeWay-Agents-the-World-Within","LeeWay-Agents-the-World-Within/agents/MCP agents/desktop-commander-agent-mcp/manifest.yaml","duplicate","agent-lee-agentic-os","QUARANTINE","","low","duplicate across repos canonical agent-lee-agentic-os","false","false"
"LeeWay-Edge-Integrated","LeeWay-Edge-Integrated/gpu/agents/MCP agents/desktop-commander-agent-mcp/manifest.yaml","duplicate","agent-lee-agentic-os","QUARANTINE","","low","duplicate across repos canonical agent-lee-agentic-os","false","false"
"LeewayEdgeWebGPU","LeewayEdgeWebGPU/agents/MCP agents/desktop-commander-agent-mcp/manifest.yaml","duplicate","agent-lee-agentic-os","QUARANTINE","","low","duplicate across repos canonical agent-lee-agentic-os","false","false"
"LeeWay-Agents-the-World-Within","LeeWay-Agents-the-World-Within/agents/MCP agents/desktop-commander-agent-mcp/package-lock.json","duplicate","agent-lee-agentic-os","QUARANTINE","","low","duplicate across repos canonical agent-lee-agentic-os","false","false"
"LeeWay-Agents-the-World-Within","LeeWay-Agents-the-World-Within/agents/MCP agents/desktop-commander-agent-mcp/package.json","duplicate","agent-lee-agentic-os","QUARANTINE","","low","duplicate across repos canonical agent-lee-agentic-os","false","false"
"LeeWay-Agents-the-World-Within","LeeWay-Agents-the-World-Within/agents/MCP agents/desktop-commander-agent-mcp/tools/capture-state.ts","duplicate","agent-lee-agentic-os","QUARANTINE","","low","duplicate across repos canonical agent-lee-agentic-os","false","false"
"LeewayEdgeWebGPU","LeewayEdgeWebGPU/agents/MCP agents/desktop-commander-agent-mcp/tools/capture-state.ts","duplicate","agent-lee-agentic-os","QUARANTINE","","low","duplicate across repos canonical agent-lee-agentic-os","false","false"
"LeeWay-Agents-the-World-Within","LeeWay-Agents-the-World-Within/agents/MCP agents/desktop-commander-agent-mcp/tools/kill-process.ts","duplicate","agent-lee-agentic-os","QUARANTINE","","low","duplicate across repos canonical agent-lee-agentic-os","false","false"
"LeewayEdgeWebGPU","LeewayEdgeWebGPU/agents/MCP agents/desktop-commander-agent-mcp/tools/kill-process.ts","duplicate","agent-lee-agentic-os","QUARANTINE","","low","duplicate across repos canonical agent-lee-agentic-os","false","false"
"LeeWay-Agents-the-World-Within","LeeWay-Agents-the-World-Within/agents/MCP agents/desktop-commander-agent-mcp/tools/open-app.ts","duplicate","agent-lee-agentic-os","QUARANTINE","","low","duplicate across repos canonical agent-lee-agentic-os","false","false"
"LeewayEdgeWebGPU","LeewayEdgeWebGPU/agents/MCP agents/desktop-commander-agent-mcp/tools/open-app.ts","duplicate","agent-lee-agentic-os","QUARANTINE","","low","duplicate across repos canonical agent-lee-agentic-os","false","false"
"LeeWay-Agents-the-World-Within","LeeWay-Agents-the-World-Within/agents/MCP agents/desktop-commander-agent-mcp/tools/read-file.ts","duplicate","agent-lee-agentic-os","QUARANTINE","","low","duplicate across repos canonical agent-lee-agentic-os","false","false"
"LeewayEdgeWebGPU","LeewayEdgeWebGPU/agents/MCP agents/desktop-commander-agent-mcp/tools/read-file.ts","duplicate","agent-lee-agentic-os","QUARANTINE","","low","duplicate across repos canonical agent-lee-agentic-os","false","false"
"LeeWay-Agents-the-World-Within","LeeWay-Agents-the-World-Within/agents/MCP agents/desktop-commander-agent-mcp/tools/run-terminal.ts","duplicate","agent-lee-agentic-os","QUARANTINE","","low","duplicate across repos canonical agent-lee-agentic-os","false","false"
"LeewayEdgeWebGPU","LeewayEdgeWebGPU/agents/MCP agents/desktop-commander-agent-mcp/tools/run-terminal.ts","duplicate","agent-lee-agentic-os","QUARANTINE","","low","duplicate across repos canonical agent-lee-agentic-os","false","false"
"LeeWay-Agents-the-World-Within","LeeWay-Agents-the-World-Within/agents/MCP agents/desktop-commander-agent-mcp/tools/write-file.ts","duplicate","agent-lee-agentic-os","QUARANTINE","","low","duplicate across repos canonical agent-lee-agentic-os","false","false"
"LeewayEdgeWebGPU","LeewayEdgeWebGPU/agents/MCP agents/desktop-commander-agent-mcp/tools/write-file.ts","duplicate","agent-lee-agentic-os","QUARANTINE","","low","duplicate across repos canonical agent-lee-agentic-os","false","false"
"agent-lee-agentic-os","agent-lee-agentic-os/MCP agents/memory-agent-mcp/tsconfig.json","duplicate","agent-lee-agentic-os","QUARANTINE","","low","duplicate across repos canonical agent-lee-agentic-os","false","false"
"LeeWay-Agents-the-World-Within","LeeWay-Agents-the-World-Within/agents/MCP agents/desktop-commander-agent-mcp/tsconfig.json","duplicate","agent-lee-agentic-os","QUARANTINE","","low","duplicate across repos canonical agent-lee-agentic-os","false","false"
"LeeWay-Agents-the-World-Within","LeeWay-Agents-the-World-Within/agents/MCP agents/memory-agent-mcp/tsconfig.json","duplicate","agent-lee-agentic-os","QUARANTINE","","low","duplicate across repos canonical agent-lee-agentic-os","false","false"
"LeeWay-Agents-the-World-Within","LeeWay-Agents-the-World-Within/agents/MCP agents/docs-rag-agent-mcp/index.ts","duplicate","agent-lee-agentic-os","QUARANTINE","","low","duplicate across repos canonical agent-lee-agentic-os","false","false"
"LeeWay-Edge-Integrated","LeeWay-Edge-Integrated/gpu/agents/MCP agents/docs-rag-agent-mcp/index.ts","duplicate","agent-lee-agentic-os","QUARANTINE","","low","duplicate across repos canonical agent-lee-agentic-os","false","false"
"LeewayEdgeWebGPU","LeewayEdgeWebGPU/agents/MCP agents/docs-rag-agent-mcp/index.ts","duplicate","agent-lee-agentic-os","QUARANTINE","","low","duplicate across repos canonical agent-lee-agentic-os","false","false"
"LeeWay-Agents-the-World-Within","LeeWay-Agents-the-World-Within/agents/MCP agents/docs-rag-agent-mcp/manifest.yaml","duplicate","agent-lee-agentic-os","QUARANTINE","","low","duplicate across repos canonical agent-lee-agentic-os","false","false"
"LeewayEdgeWebGPU","LeewayEdgeWebGPU/agents/MCP agents/docs-rag-agent-mcp/manifest.yaml","duplicate","agent-lee-agentic-os","QUARANTINE","","low","duplicate across repos canonical agent-lee-agentic-os","false","false"
"LeeWay-Agents-the-World-Within","LeeWay-Agents-the-World-Within/agents/MCP agents/docs-rag-agent-mcp/package-lock.json","duplicate","agent-lee-agentic-os","QUARANTINE","","low","duplicate across repos canonical agent-lee-agentic-os","false","false"
"LeeWay-Agents-the-World-Within","LeeWay-Agents-the-World-Within/agents/MCP agents/docs-rag-agent-mcp/package.json","duplicate","agent-lee-agentic-os","QUARANTINE","","low","duplicate across repos canonical agent-lee-agentic-os","false","false"
"agent-lee-agentic-os","agent-lee-agentic-os/MCP agents/insforge-agent-mcp/tsconfig.json","duplicate","agent-lee-agentic-os","QUARANTINE","","low","duplicate across repos canonical agent-lee-agentic-os","false","false"
"agent-lee-agentic-os","agent-lee-agentic-os/MCP agents/playwright-agent-mcp/tsconfig.json","duplicate","agent-lee-agentic-os","QUARANTINE","","low","duplicate across repos canonical agent-lee-agentic-os","false","false"
"agent-lee-agentic-os","agent-lee-agentic-os/MCP agents/scheduling-agent-mcp/tsconfig.json","duplicate","agent-lee-agentic-os","QUARANTINE","","low","duplicate across repos canonical agent-lee-agentic-os","false","false"
"agent-lee-agentic-os","agent-lee-agentic-os/MCP agents/validation-agent-mcp/tsconfig.json","duplicate","agent-lee-agentic-os","QUARANTINE","","low","duplicate across repos canonical agent-lee-agentic-os","false","false"
"LeeWay-Agents-the-World-Within","LeeWay-Agents-the-World-Within/agents/MCP agents/docs-rag-agent-mcp/tsconfig.json","duplicate","agent-lee-agentic-os","QUARANTINE","","low","duplicate across repos canonical agent-lee-agentic-os","false","false"
"LeeWay-Agents-the-World-Within","LeeWay-Agents-the-World-Within/agents/MCP agents/insforge-agent-mcp/tsconfig.json","duplicate","agent-lee-agentic-os","QUARANTINE","","low","duplicate across repos canonical agent-lee-agentic-os","false","false"
"LeeWay-Agents-the-World-Within","LeeWay-Agents-the-World-Within/agents/MCP agents/playwright-agent-mcp/tsconfig.json","duplicate","agent-lee-agentic-os","QUARANTINE","","low","duplicate across repos canonical agent-lee-agentic-os","false","false"
"LeeWay-Agents-the-World-Within","LeeWay-Agents-the-World-Within/agents/MCP agents/scheduling-agent-mcp/tsconfig.json","duplicate","agent-lee-agentic-os","QUARANTINE","","low","duplicate across repos canonical agent-lee-agentic-os","false","false"
"LeeWay-Agents-the-World-Within","LeeWay-Agents-the-World-Within/agents/MCP agents/validation-agent-mcp/tsconfig.json","duplicate","agent-lee-agentic-os","QUARANTINE","","low","duplicate across repos canonical agent-lee-agentic-os","false","false"
"LeeWay-Agents-the-World-Within","LeeWay-Agents-the-World-Within/agents/MCP agents/health-agent-mcp/index.ts","duplicate","agent-lee-agentic-os","QUARANTINE","","low","duplicate across repos canonical agent-lee-agentic-os","false","false"
"LeewayEdgeWebGPU","LeewayEdgeWebGPU/agents/MCP agents/health-agent-mcp/index.ts","duplicate","agent-lee-agentic-os","QUARANTINE","","low","duplicate across repos canonical agent-lee-agentic-os","false","false"
"LeeWay-Agents-the-World-Within","LeeWay-Agents-the-World-Within/agents/MCP agents/health-agent-mcp/manifest.yaml","duplicate","agent-lee-agentic-os","QUARANTINE","","low","duplicate across repos canonical agent-lee-agentic-os","false","false"
"LeeWay-Edge-Integrated","LeeWay-Edge-Integrated/gpu/agents/MCP agents/health-agent-mcp/manifest.yaml","duplicate","agent-lee-agentic-os","QUARANTINE","","low","duplicate across repos canonical agent-lee-agentic-os","false","false"
"LeewayEdgeWebGPU","LeewayEdgeWebGPU/agents/MCP agents/health-agent-mcp/manifest.yaml","duplicate","agent-lee-agentic-os","QUARANTINE","","low","duplicate across repos canonical agent-lee-agentic-os","false","false"
"LeeWay-Agents-the-World-Within","LeeWay-Agents-the-World-Within/agents/MCP agents/health-agent-mcp/package-lock.json","duplicate","agent-lee-agentic-os","QUARANTINE","","low","duplicate across repos canonical agent-lee-agentic-os","false","false"
"LeeWay-Agents-the-World-Within","LeeWay-Agents-the-World-Within/agents/MCP agents/health-agent-mcp/package.json","duplicate","agent-lee-agentic-os","QUARANTINE","","low","duplicate across repos canonical agent-lee-agentic-os","false","false"
"LeeWay-Agents-the-World-Within","LeeWay-Agents-the-World-Within/agents/MCP agents/health-agent-mcp/tsconfig.json","duplicate","agent-lee-agentic-os","QUARANTINE","","low","duplicate across repos canonical agent-lee-agentic-os","false","false"
"LeeWay-Agents-the-World-Within","LeeWay-Agents-the-World-Within/agents/MCP agents/health-sweep.ts","duplicate","agent-lee-agentic-os","QUARANTINE","","low","duplicate across repos canonical agent-lee-agentic-os","false","false"
"LeeWay-Edge-Integrated","LeeWay-Edge-Integrated/gpu/agents/MCP agents/health-sweep.ts","duplicate","agent-lee-agentic-os","QUARANTINE","","low","duplicate across repos canonical agent-lee-agentic-os","false","false"
"LeewayEdgeWebGPU","LeewayEdgeWebGPU/agents/MCP agents/health-sweep.ts","duplicate","agent-lee-agentic-os","QUARANTINE","","low","duplicate across repos canonical agent-lee-agentic-os","false","false"
"LeeWay-Agents-the-World-Within","LeeWay-Agents-the-World-Within/agents/MCP agents/insforge-agent-mcp/index.ts","duplicate","agent-lee-agentic-os","QUARANTINE","","low","duplicate across repos canonical agent-lee-agentic-os","false","false"
"LeewayEdgeWebGPU","LeewayEdgeWebGPU/agents/MCP agents/insforge-agent-mcp/index.ts","duplicate","agent-lee-agentic-os","QUARANTINE","","low","duplicate across repos canonical agent-lee-agentic-os","false","false"
"LeeWay-Agents-the-World-Within","LeeWay-Agents-the-World-Within/agents/MCP agents/insforge-agent-mcp/manifest.yaml","duplicate","agent-lee-agentic-os","QUARANTINE","","low","duplicate across repos canonical agent-lee-agentic-os","false","false"
"LeeWay-Edge-Integrated","LeeWay-Edge-Integrated/gpu/agents/MCP agents/insforge-agent-mcp/manifest.yaml","duplicate","agent-lee-agentic-os","QUARANTINE","","low","duplicate across repos canonical agent-lee-agentic-os","false","false"
"LeewayEdgeWebGPU","LeewayEdgeWebGPU/agents/MCP agents/insforge-agent-mcp/manifest.yaml","duplicate","agent-lee-agentic-os","QUARANTINE","","low","duplicate across repos canonical agent-lee-agentic-os","false","false"
"LeeWay-Agents-the-World-Within","LeeWay-Agents-the-World-Within/agents/MCP agents/insforge-agent-mcp/package-lock.json","duplicate","agent-lee-agentic-os","QUARANTINE","","low","duplicate across repos canonical agent-lee-agentic-os","false","false"
"LeeWay-Agents-the-World-Within","LeeWay-Agents-the-World-Within/agents/MCP agents/insforge-agent-mcp/package.json","duplicate","agent-lee-agentic-os","QUARANTINE","","low","duplicate across repos canonical agent-lee-agentic-os","false","false"
"LeeWay-Agents-the-World-Within","LeeWay-Agents-the-World-Within/agents/MCP agents/memory-agent-mcp/index.ts","duplicate","agent-lee-agentic-os","QUARANTINE","","low","duplicate across repos canonical agent-lee-agentic-os","false","false"
"LeewayEdgeWebGPU","LeewayEdgeWebGPU/agents/MCP agents/memory-agent-mcp/index.ts","duplicate","agent-lee-agentic-os","QUARANTINE","","low","duplicate across repos canonical agent-lee-agentic-os","false","false"
"LeeWay-Agents-the-World-Within","LeeWay-Agents-the-World-Within/agents/MCP agents/memory-agent-mcp/lib/session-store.ts","duplicate","agent-lee-agentic-os","QUARANTINE","","low","duplicate across repos canonical agent-lee-agentic-os","false","false"
"LeewayEdgeWebGPU","LeewayEdgeWebGPU/agents/MCP agents/memory-agent-mcp/lib/session-store.ts","duplicate","agent-lee-agentic-os","QUARANTINE","","low","duplicate across repos canonical agent-lee-agentic-os","false","false"
"LeeWay-Agents-the-World-Within","LeeWay-Agents-the-World-Within/agents/MCP agents/memory-agent-mcp/manifest.yaml","duplicate","agent-lee-agentic-os","QUARANTINE","","low","duplicate across repos canonical agent-lee-agentic-os","false","false"
"LeeWay-Edge-Integrated","LeeWay-Edge-Integrated/gpu/agents/MCP agents/memory-agent-mcp/manifest.yaml","duplicate","agent-lee-agentic-os","QUARANTINE","","low","duplicate across repos canonical agent-lee-agentic-os","false","false"
"LeewayEdgeWebGPU","LeewayEdgeWebGPU/agents/MCP agents/memory-agent-mcp/manifest.yaml","duplicate","agent-lee-agentic-os","QUARANTINE","","low","duplicate across repos canonical agent-lee-agentic-os","false","false"
"LeeWay-Agents-the-World-Within","LeeWay-Agents-the-World-Within/agents/MCP agents/memory-agent-mcp/package-lock.json","duplicate","agent-lee-agentic-os","QUARANTINE","","low","duplicate across repos canonical agent-lee-agentic-os","false","false"
"LeeWay-Agents-the-World-Within","LeeWay-Agents-the-World-Within/agents/MCP agents/memory-agent-mcp/package.json","duplicate","agent-lee-agentic-os","QUARANTINE","","low","duplicate across repos canonical agent-lee-agentic-os","false","false"
"LeeWay-Agents-the-World-Within","LeeWay-Agents-the-World-Within/agents/MCP agents/memory-agent-mcp/tools/build-context-packet.ts","duplicate","agent-lee-agentic-os","QUARANTINE","","low","duplicate across repos canonical agent-lee-agentic-os","false","false"
"LeewayEdgeWebGPU","LeewayEdgeWebGPU/agents/MCP agents/memory-agent-mcp/tools/build-context-packet.ts","duplicate","agent-lee-agentic-os","QUARANTINE","","low","duplicate across repos canonical agent-lee-agentic-os","false","false"
"LeeWay-Agents-the-World-Within","LeeWay-Agents-the-World-Within/agents/MCP agents/memory-agent-mcp/tools/compress-session.ts","duplicate","agent-lee-agentic-os","QUARANTINE","","low","duplicate across repos canonical agent-lee-agentic-os","false","false"
"LeewayEdgeWebGPU","LeewayEdgeWebGPU/agents/MCP agents/memory-agent-mcp/tools/compress-session.ts","duplicate","agent-lee-agentic-os","QUARANTINE","","low","duplicate across repos canonical agent-lee-agentic-os","false","false"
"LeeWay-Agents-the-World-Within","LeeWay-Agents-the-World-Within/agents/MCP agents/memory-agent-mcp/tools/fetch-related-episodes.ts","duplicate","agent-lee-agentic-os","QUARANTINE","","low","duplicate across repos canonical agent-lee-agentic-os","false","false"
"LeewayEdgeWebGPU","LeewayEdgeWebGPU/agents/MCP agents/memory-agent-mcp/tools/fetch-related-episodes.ts","duplicate","agent-lee-agentic-os","QUARANTINE","","low","duplicate across repos canonical agent-lee-agentic-os","false","false"
"LeeWay-Agents-the-World-Within","LeeWay-Agents-the-World-Within/agents/MCP agents/memory-agent-mcp/tools/recall-context.ts","duplicate","agent-lee-agentic-os","QUARANTINE","","low","duplicate across repos canonical agent-lee-agentic-os","false","false"
"LeewayEdgeWebGPU","LeewayEdgeWebGPU/agents/MCP agents/memory-agent-mcp/tools/recall-context.ts","duplicate","agent-lee-agentic-os","QUARANTINE","","low","duplicate across repos canonical agent-lee-agentic-os","false","false"
"LeeWay-Agents-the-World-Within","LeeWay-Agents-the-World-Within/agents/MCP agents/memory-agent-mcp/tools/write-summary.ts","duplicate","agent-lee-agentic-os","QUARANTINE","","low","duplicate across repos canonical agent-lee-agentic-os","false","false"
"LeewayEdgeWebGPU","LeewayEdgeWebGPU/agents/MCP agents/memory-agent-mcp/tools/write-summary.ts","duplicate","agent-lee-agentic-os","QUARANTINE","","low","duplicate across repos canonical agent-lee-agentic-os","false","false"
"LeeWay-Agents-the-World-Within","LeeWay-Agents-the-World-Within/agents/MCP agents/package-lock.json","duplicate","agent-lee-agentic-os","QUARANTINE","","low","duplicate across repos canonical agent-lee-agentic-os","false","false"
"LeeWay-Agents-the-World-Within","LeeWay-Agents-the-World-Within/agents/MCP agents/package.json","duplicate","agent-lee-agentic-os","QUARANTINE","","low","duplicate across repos canonical agent-lee-agentic-os","false","false"
"LeeWay-Agents-the-World-Within","LeeWay-Agents-the-World-Within/agents/MCP agents/planner-agent-mcp/contracts/agent-contracts.ts","duplicate","agent-lee-agentic-os","QUARANTINE","","low","duplicate across repos canonical agent-lee-agentic-os","false","false"
"LeewayEdgeWebGPU","LeewayEdgeWebGPU/agents/MCP agents/planner-agent-mcp/contracts/agent-contracts.ts","duplicate","agent-lee-agentic-os","QUARANTINE","","low","duplicate across repos canonical agent-lee-agentic-os","false","false"
"LeeWay-Agents-the-World-Within","LeeWay-Agents-the-World-Within/agents/MCP agents/planner-agent-mcp/contracts/intent-router-map.ts","duplicate","agent-lee-agentic-os","QUARANTINE","","low","duplicate across repos canonical agent-lee-agentic-os","false","false"
"LeewayEdgeWebGPU","LeewayEdgeWebGPU/agents/MCP agents/planner-agent-mcp/contracts/intent-router-map.ts","duplicate","agent-lee-agentic-os","QUARANTINE","","low","duplicate across repos canonical agent-lee-agentic-os","false","false"
"LeeWay-Agents-the-World-Within","LeeWay-Agents-the-World-Within/agents/MCP agents/planner-agent-mcp/index.ts","duplicate","agent-lee-agentic-os","QUARANTINE","","low","duplicate across repos canonical agent-lee-agentic-os","false","false"
"LeeWay-Edge-Integrated","LeeWay-Edge-Integrated/gpu/agents/MCP agents/planner-agent-mcp/index.ts","duplicate","agent-lee-agentic-os","QUARANTINE","","low","duplicate across repos canonical agent-lee-agentic-os","false","false"
"LeewayEdgeWebGPU","LeewayEdgeWebGPU/agents/MCP agents/planner-agent-mcp/index.ts","duplicate","agent-lee-agentic-os","QUARANTINE","","low","duplicate across repos canonical agent-lee-agentic-os","false","false"
"LeeWay-Agents-the-World-Within","LeeWay-Agents-the-World-Within/agents/MCP agents/planner-agent-mcp/manifest.yaml","duplicate","agent-lee-agentic-os","QUARANTINE","","low","duplicate across repos canonical agent-lee-agentic-os","false","false"
"LeeWay-Edge-Integrated","LeeWay-Edge-Integrated/gpu/agents/MCP agents/planner-agent-mcp/manifest.yaml","duplicate","agent-lee-agentic-os","QUARANTINE","","low","duplicate across repos canonical agent-lee-agentic-os","false","false"
"LeewayEdgeWebGPU","LeewayEdgeWebGPU/agents/MCP agents/planner-agent-mcp/manifest.yaml","duplicate","agent-lee-agentic-os","QUARANTINE","","low","duplicate across repos canonical agent-lee-agentic-os","false","false"
"LeeWay-Agents-the-World-Within","LeeWay-Agents-the-World-Within/agents/MCP agents/planner-agent-mcp/package-lock.json","duplicate","agent-lee-agentic-os","QUARANTINE","","low","duplicate across repos canonical agent-lee-agentic-os","false","false"
"LeeWay-Agents-the-World-Within","LeeWay-Agents-the-World-Within/agents/MCP agents/planner-agent-mcp/package.json","duplicate","agent-lee-agentic-os","QUARANTINE","","low","duplicate across repos canonical agent-lee-agentic-os","false","false"
"LeeWay-Agents-the-World-Within","LeeWay-Agents-the-World-Within/agents/MCP agents/planner-agent-mcp/test/health-check.node.js","duplicate","agent-lee-agentic-os","QUARANTINE","","low","duplicate across repos canonical agent-lee-agentic-os","false","false"
"LeewayEdgeWebGPU","LeewayEdgeWebGPU/agents/MCP agents/planner-agent-mcp/test/health-check.node.js","duplicate","agent-lee-agentic-os","QUARANTINE","","low","duplicate across repos canonical agent-lee-agentic-os","false","false"
"LeeWay-Agents-the-World-Within","LeeWay-Agents-the-World-Within/agents/MCP agents/planner-agent-mcp/test/health-check.test.ts","duplicate","agent-lee-agentic-os","QUARANTINE","","low","duplicate across repos canonical agent-lee-agentic-os","false","false"
"LeewayEdgeWebGPU","LeewayEdgeWebGPU/agents/MCP agents/planner-agent-mcp/test/health-check.test.ts","duplicate","agent-lee-agentic-os","QUARANTINE","","low","duplicate across repos canonical agent-lee-agentic-os","false","false"
"LeeWay-Agents-the-World-Within","LeeWay-Agents-the-World-Within/agents/MCP agents/planner-agent-mcp/tools/break-into-steps.ts","duplicate","agent-lee-agentic-os","QUARANTINE","","low","duplicate across repos canonical agent-lee-agentic-os","false","false"
"LeewayEdgeWebGPU","LeewayEdgeWebGPU/agents/MCP agents/planner-agent-mcp/tools/break-into-steps.ts","duplicate","agent-lee-agentic-os","QUARANTINE","","low","duplicate across repos canonical agent-lee-agentic-os","false","false"
"LeeWay-Agents-the-World-Within","LeeWay-Agents-the-World-Within/agents/MCP agents/planner-agent-mcp/tools/choose-agent.ts","duplicate","agent-lee-agentic-os","QUARANTINE","","low","duplicate across repos canonical agent-lee-agentic-os","false","false"
"LeewayEdgeWebGPU","LeewayEdgeWebGPU/agents/MCP agents/planner-agent-mcp/tools/choose-agent.ts","duplicate","agent-lee-agentic-os","QUARANTINE","","low","duplicate across repos canonical agent-lee-agentic-os","false","false"
"LeeWay-Agents-the-World-Within","LeeWay-Agents-the-World-Within/agents/MCP agents/planner-agent-mcp/tools/make-plan.ts","duplicate","agent-lee-agentic-os","QUARANTINE","","low","duplicate across repos canonical agent-lee-agentic-os","false","false"
"LeewayEdgeWebGPU","LeewayEdgeWebGPU/agents/MCP agents/planner-agent-mcp/tools/make-plan.ts","duplicate","agent-lee-agentic-os","QUARANTINE","","low","duplicate across repos canonical agent-lee-agentic-os","false","false"
"LeeWay-Agents-the-World-Within","LeeWay-Agents-the-World-Within/agents/MCP agents/planner-agent-mcp/tools/suggest-recovery.ts","duplicate","agent-lee-agentic-os","QUARANTINE","","low","duplicate across repos canonical agent-lee-agentic-os","false","false"
"LeewayEdgeWebGPU","LeewayEdgeWebGPU/agents/MCP agents/planner-agent-mcp/tools/suggest-recovery.ts","duplicate","agent-lee-agentic-os","QUARANTINE","","low","duplicate across repos canonical agent-lee-agentic-os","false","false"
"LeeWay-Agents-the-World-Within","LeeWay-Agents-the-World-Within/agents/MCP agents/planner-agent-mcp/tools/summarize-mission.ts","duplicate","agent-lee-agentic-os","QUARANTINE","","low","duplicate across repos canonical agent-lee-agentic-os","false","false"
"LeewayEdgeWebGPU","LeewayEdgeWebGPU/agents/MCP agents/planner-agent-mcp/tools/summarize-mission.ts","duplicate","agent-lee-agentic-os","QUARANTINE","","low","duplicate across repos canonical agent-lee-agentic-os","false","false"
"LeeWay-Agents-the-World-Within","LeeWay-Agents-the-World-Within/agents/MCP agents/planner-agent-mcp/tsconfig.json","duplicate","agent-lee-agentic-os","QUARANTINE","","low","duplicate across repos canonical agent-lee-agentic-os","false","false"
"LeeWay-Agents-the-World-Within","LeeWay-Agents-the-World-Within/agents/MCP agents/playwright-agent-mcp/index.ts","duplicate","agent-lee-agentic-os","QUARANTINE","","low","duplicate across repos canonical agent-lee-agentic-os","false","false"
"LeewayEdgeWebGPU","LeewayEdgeWebGPU/agents/MCP agents/playwright-agent-mcp/index.ts","duplicate","agent-lee-agentic-os","QUARANTINE","","low","duplicate across repos canonical agent-lee-agentic-os","false","false"
"LeeWay-Agents-the-World-Within","LeeWay-Agents-the-World-Within/agents/MCP agents/playwright-agent-mcp/manifest.yaml","duplicate","agent-lee-agentic-os","QUARANTINE","","low","duplicate across repos canonical agent-lee-agentic-os","false","false"
"LeeWay-Edge-Integrated","LeeWay-Edge-Integrated/gpu/agents/MCP agents/playwright-agent-mcp/manifest.yaml","duplicate","agent-lee-agentic-os","QUARANTINE","","low","duplicate across repos canonical agent-lee-agentic-os","false","false"
"LeewayEdgeWebGPU","LeewayEdgeWebGPU/agents/MCP agents/playwright-agent-mcp/manifest.yaml","duplicate","agent-lee-agentic-os","QUARANTINE","","low","duplicate across repos canonical agent-lee-agentic-os","false","false"
"LeeWay-Agents-the-World-Within","LeeWay-Agents-the-World-Within/agents/MCP agents/playwright-agent-mcp/package-lock.json","duplicate","agent-lee-agentic-os","QUARANTINE","","low","duplicate across repos canonical agent-lee-agentic-os","false","false"
"LeeWay-Agents-the-World-Within","LeeWay-Agents-the-World-Within/agents/MCP agents/playwright-agent-mcp/package.json","duplicate","agent-lee-agentic-os","QUARANTINE","","low","duplicate across repos canonical agent-lee-agentic-os","false","false"
"LeeWay-Agents-the-World-Within","LeeWay-Agents-the-World-Within/agents/MCP agents/scheduling-agent-mcp/index.ts","duplicate","agent-lee-agentic-os","QUARANTINE","","low","duplicate across repos canonical agent-lee-agentic-os","false","false"
"LeewayEdgeWebGPU","LeewayEdgeWebGPU/agents/MCP agents/scheduling-agent-mcp/index.ts","duplicate","agent-lee-agentic-os","QUARANTINE","","low","duplicate across repos canonical agent-lee-agentic-os","false","false"
"LeeWay-Agents-the-World-Within","LeeWay-Agents-the-World-Within/agents/MCP agents/scheduling-agent-mcp/manifest.yaml","duplicate","agent-lee-agentic-os","QUARANTINE","","low","duplicate across repos canonical agent-lee-agentic-os","false","false"
"LeeWay-Edge-Integrated","LeeWay-Edge-Integrated/gpu/agents/MCP agents/scheduling-agent-mcp/manifest.yaml","duplicate","agent-lee-agentic-os","QUARANTINE","","low","duplicate across repos canonical agent-lee-agentic-os","false","false"
"LeewayEdgeWebGPU","LeewayEdgeWebGPU/agents/MCP agents/scheduling-agent-mcp/manifest.yaml","duplicate","agent-lee-agentic-os","QUARANTINE","","low","duplicate across repos canonical agent-lee-agentic-os","false","false"
"LeeWay-Agents-the-World-Within","LeeWay-Agents-the-World-Within/agents/MCP agents/scheduling-agent-mcp/package-lock.json","duplicate","agent-lee-agentic-os","QUARANTINE","","low","duplicate across repos canonical agent-lee-agentic-os","false","false"
"LeeWay-Agents-the-World-Within","LeeWay-Agents-the-World-Within/agents/MCP agents/scheduling-agent-mcp/package.json","duplicate","agent-lee-agentic-os","QUARANTINE","","low","duplicate across repos canonical agent-lee-agentic-os","false","false"
"LeeWay-Agents-the-World-Within","LeeWay-Agents-the-World-Within/agents/MCP agents/schemas/agent-registry.schema.json","duplicate","agent-lee-agentic-os","QUARANTINE","","low","duplicate across repos canonical agent-lee-agentic-os","false","false"
"LeeWay-Agents-the-World-Within","LeeWay-Agents-the-World-Within/agents/MCP agents/schemas/agent-test-spec.schema.json","duplicate","agent-lee-agentic-os","QUARANTINE","","low","duplicate across repos canonical agent-lee-agentic-os","false","false"
"LeeWay-Agents-the-World-Within","LeeWay-Agents-the-World-Within/agents/MCP agents/schemas/context-packet.schema.json","duplicate","agent-lee-agentic-os","QUARANTINE","","low","duplicate across repos canonical agent-lee-agentic-os","false","false"
"LeeWay-Agents-the-World-Within","LeeWay-Agents-the-World-Within/agents/MCP agents/schemas/mission-summary.schema.json","duplicate","agent-lee-agentic-os","QUARANTINE","","low","duplicate across repos canonical agent-lee-agentic-os","false","false"
"LeeWay-Agents-the-World-Within","LeeWay-Agents-the-World-Within/agents/MCP agents/schemas/validation-result.schema.json","duplicate","agent-lee-agentic-os","QUARANTINE","","low","duplicate across repos canonical agent-lee-agentic-os","false","false"
"LeeWay-Agents-the-World-Within","LeeWay-Agents-the-World-Within/agents/MCP agents/shared/env.js","duplicate","agent-lee-agentic-os","QUARANTINE","","low","duplicate across repos canonical agent-lee-agentic-os","false","false"
"LeeWay-Edge-Integrated","LeeWay-Edge-Integrated/gpu/agents/MCP agents/shared/env.js","duplicate","agent-lee-agentic-os","QUARANTINE","","low","duplicate across repos canonical agent-lee-agentic-os","false","false"
"LeewayEdgeWebGPU","LeewayEdgeWebGPU/agents/MCP agents/shared/env.js","duplicate","agent-lee-agentic-os","QUARANTINE","","low","duplicate across repos canonical agent-lee-agentic-os","false","false"
"LeeWay-Agents-the-World-Within","LeeWay-Agents-the-World-Within/agents/MCP agents/shared/env.ts","duplicate","agent-lee-agentic-os","QUARANTINE","","low","duplicate across repos canonical agent-lee-agentic-os","false","false"
"LeewayEdgeWebGPU","LeewayEdgeWebGPU/agents/MCP agents/shared/env.ts","duplicate","agent-lee-agentic-os","QUARANTINE","","low","duplicate across repos canonical agent-lee-agentic-os","false","false"
"LeeWay-Agents-the-World-Within","LeeWay-Agents-the-World-Within/agents/MCP agents/shared/package.json","duplicate","agent-lee-agentic-os","QUARANTINE","","low","duplicate across repos canonical agent-lee-agentic-os","false","false"
"LeeWay-Agents-the-World-Within","LeeWay-Agents-the-World-Within/agents/MCP agents/STARTUP.md","duplicate","agent-lee-agentic-os","QUARANTINE","","low","duplicate across repos canonical agent-lee-agentic-os","false","false"
"LeewayEdgeWebGPU","LeewayEdgeWebGPU/agents/MCP agents/STARTUP.md","duplicate","agent-lee-agentic-os","QUARANTINE","","low","duplicate across repos canonical agent-lee-agentic-os","false","false"
"LeeWay-Agents-the-World-Within","LeeWay-Agents-the-World-Within/agents/MCP agents/sync-registry.ts","duplicate","agent-lee-agentic-os","QUARANTINE","","low","duplicate across repos canonical agent-lee-agentic-os","false","false"
"LeeWay-Edge-Integrated","LeeWay-Edge-Integrated/gpu/agents/MCP agents/sync-registry.ts","duplicate","agent-lee-agentic-os","QUARANTINE","","low","duplicate across repos canonical agent-lee-agentic-os","false","false"
"LeewayEdgeWebGPU","LeewayEdgeWebGPU/agents/MCP agents/sync-registry.ts","duplicate","agent-lee-agentic-os","QUARANTINE","","low","duplicate across repos canonical agent-lee-agentic-os","false","false"
"LeeWay-Agents-the-World-Within","LeeWay-Agents-the-World-Within/agents/MCP agents/testsprite-agent-mcp/index.ts","duplicate","agent-lee-agentic-os","QUARANTINE","","low","duplicate across repos canonical agent-lee-agentic-os","false","false"
"LeeWay-Edge-Integrated","LeeWay-Edge-Integrated/gpu/agents/MCP agents/testsprite-agent-mcp/index.ts","duplicate","agent-lee-agentic-os","QUARANTINE","","low","duplicate across repos canonical agent-lee-agentic-os","false","false"
"LeewayEdgeWebGPU","LeewayEdgeWebGPU/agents/MCP agents/testsprite-agent-mcp/index.ts","duplicate","agent-lee-agentic-os","QUARANTINE","","low","duplicate across repos canonical agent-lee-agentic-os","false","false"
"LeeWay-Agents-the-World-Within","LeeWay-Agents-the-World-Within/agents/MCP agents/testsprite-agent-mcp/manifest.yaml","duplicate","agent-lee-agentic-os","QUARANTINE","","low","duplicate across repos canonical agent-lee-agentic-os","false","false"
"LeewayEdgeWebGPU","LeewayEdgeWebGPU/agents/MCP agents/testsprite-agent-mcp/manifest.yaml","duplicate","agent-lee-agentic-os","QUARANTINE","","low","duplicate across repos canonical agent-lee-agentic-os","false","false"
"LeeWay-Agents-the-World-Within","LeeWay-Agents-the-World-Within/agents/MCP agents/testsprite-agent-mcp/package-lock.json","duplicate","agent-lee-agentic-os","QUARANTINE","","low","duplicate across repos canonical agent-lee-agentic-os","false","false"
"LeeWay-Agents-the-World-Within","LeeWay-Agents-the-World-Within/agents/MCP agents/testsprite-agent-mcp/package.json","duplicate","agent-lee-agentic-os","QUARANTINE","","low","duplicate across repos canonical agent-lee-agentic-os","false","false"
"LeeWay-Agents-the-World-Within","LeeWay-Agents-the-World-Within/agents/MCP agents/testsprite-agent-mcp/tsconfig.json","duplicate","agent-lee-agentic-os","QUARANTINE","","low","duplicate across repos canonical agent-lee-agentic-os","false","false"
"LeeWay-Agents-the-World-Within","LeeWay-Agents-the-World-Within/agents/MCP agents/tsconfig.json","duplicate","agent-lee-agentic-os","QUARANTINE","","low","duplicate across repos canonical agent-lee-agentic-os","false","false"
"LeeWay-Agents-the-World-Within","LeeWay-Agents-the-World-Within/agents/MCP agents/validation-agent-mcp/index.ts","duplicate","agent-lee-agentic-os","QUARANTINE","","low","duplicate across repos canonical agent-lee-agentic-os","false","false"
"LeewayEdgeWebGPU","LeewayEdgeWebGPU/agents/MCP agents/validation-agent-mcp/index.ts","duplicate","agent-lee-agentic-os","QUARANTINE","","low","duplicate across repos canonical agent-lee-agentic-os","false","false"
"LeeWay-Agents-the-World-Within","LeeWay-Agents-the-World-Within/agents/MCP agents/validation-agent-mcp/manifest.yaml","duplicate","agent-lee-agentic-os","QUARANTINE","","low","duplicate across repos canonical agent-lee-agentic-os","false","false"
"LeeWay-Edge-Integrated","LeeWay-Edge-Integrated/gpu/agents/MCP agents/validation-agent-mcp/manifest.yaml","duplicate","agent-lee-agentic-os","QUARANTINE","","low","duplicate across repos canonical agent-lee-agentic-os","false","false"
"LeewayEdgeWebGPU","LeewayEdgeWebGPU/agents/MCP agents/validation-agent-mcp/manifest.yaml","duplicate","agent-lee-agentic-os","QUARANTINE","","low","duplicate across repos canonical agent-lee-agentic-os","false","false"
"LeeWay-Agents-the-World-Within","LeeWay-Agents-the-World-Within/agents/MCP agents/validation-agent-mcp/package-lock.json","duplicate","agent-lee-agentic-os","QUARANTINE","","low","duplicate across repos canonical agent-lee-agentic-os","false","false"
"LeeWay-Agents-the-World-Within","LeeWay-Agents-the-World-Within/agents/MCP agents/validation-agent-mcp/package.json","duplicate","agent-lee-agentic-os","QUARANTINE","","low","duplicate across repos canonical agent-lee-agentic-os","false","false"
"LeeWay-Agents-the-World-Within","LeeWay-Agents-the-World-Within/agents/MCP agents/vscode-mcp-tooling/.vscode/settings.json","duplicate","agent-lee-agentic-os","QUARANTINE","","low","duplicate across repos canonical agent-lee-agentic-os","false","false"
"LeewayEdgeWebGPU","LeewayEdgeWebGPU/agents/MCP agents/vscode-mcp-tooling/.vscode/settings.json","duplicate","agent-lee-agentic-os","QUARANTINE","","low","duplicate across repos canonical agent-lee-agentic-os","false","false"
"LeeWay-Agents-the-World-Within","LeeWay-Agents-the-World-Within/agents/MCP agents/vscode-mcp-tooling/package-lock.json","duplicate","agent-lee-agentic-os","QUARANTINE","","low","duplicate across repos canonical agent-lee-agentic-os","false","false"
"LeeWay-Agents-the-World-Within","LeeWay-Agents-the-World-Within/agents/MCP agents/vscode-mcp-tooling/package.json","duplicate","agent-lee-agentic-os","QUARANTINE","","low","duplicate across repos canonical agent-lee-agentic-os","false","false"
"LeeWay-Agents-the-World-Within","LeeWay-Agents-the-World-Within/agents/MCP agents/vscode-mcp-tooling/README.md","duplicate","agent-lee-agentic-os","QUARANTINE","","low","duplicate across repos canonical agent-lee-agentic-os","false","false"
"LeeWay-Edge-Integrated","LeeWay-Edge-Integrated/gpu/agents/MCP agents/vscode-mcp-tooling/README.md","duplicate","agent-lee-agentic-os","QUARANTINE","","low","duplicate across repos canonical agent-lee-agentic-os","false","false"
"LeewayEdgeWebGPU","LeewayEdgeWebGPU/agents/MCP agents/vscode-mcp-tooling/README.md","duplicate","agent-lee-agentic-os","QUARANTINE","","low","duplicate across repos canonical agent-lee-agentic-os","false","false"
"LeeWay-Agents-the-World-Within","LeeWay-Agents-the-World-Within/agents/MCP agents/vscode-mcp-tooling/Run-All.ps1","duplicate","agent-lee-agentic-os","QUARANTINE","","low","duplicate across repos canonical agent-lee-agentic-os","false","false"
"LeeWay-Agents-the-World-Within","LeeWay-Agents-the-World-Within/agents/vscode-mcp-tooling/Run-All.ps1","duplicate","agent-lee-agentic-os","QUARANTINE","","low","duplicate across repos canonical agent-lee-agentic-os","false","false"
"LeeWay-Edge-Integrated","LeeWay-Edge-Integrated/gpu/agents/MCP agents/vscode-mcp-tooling/Run-All.ps1","duplicate","agent-lee-agentic-os","QUARANTINE","","low","duplicate across repos canonical agent-lee-agentic-os","false","false"
"LeeWay-Edge-Integrated","LeeWay-Edge-Integrated/gpu/agents/vscode-mcp-tooling/Run-All.ps1","duplicate","agent-lee-agentic-os","QUARANTINE","","low","duplicate across repos canonical agent-lee-agentic-os","false","false"
"LeewayEdgeWebGPU","LeewayEdgeWebGPU/agents/MCP agents/vscode-mcp-tooling/Run-All.ps1","duplicate","agent-lee-agentic-os","QUARANTINE","","low","duplicate across repos canonical agent-lee-agentic-os","false","false"
"LeewayEdgeWebGPU","LeewayEdgeWebGPU/agents/vscode-mcp-tooling/Run-All.ps1","duplicate","agent-lee-agentic-os","QUARANTINE","","low","duplicate across repos canonical agent-lee-agentic-os","false","false"
"LeeWay-Agents-the-World-Within","LeeWay-Agents-the-World-Within/agents/MCP agents/vscode-mcp-tooling/Smoke-Test.ps1","duplicate","agent-lee-agentic-os","QUARANTINE","","low","duplicate across repos canonical agent-lee-agentic-os","false","false"
"LeeWay-Agents-the-World-Within","LeeWay-Agents-the-World-Within/agents/vscode-mcp-tooling/Smoke-Test.ps1","duplicate","agent-lee-agentic-os","QUARANTINE","","low","duplicate across repos canonical agent-lee-agentic-os","false","false"
"LeeWay-Edge-Integrated","LeeWay-Edge-Integrated/gpu/agents/MCP agents/vscode-mcp-tooling/Smoke-Test.ps1","duplicate","agent-lee-agentic-os","QUARANTINE","","low","duplicate across repos canonical agent-lee-agentic-os","false","false"
"LeeWay-Edge-Integrated","LeeWay-Edge-Integrated/gpu/agents/vscode-mcp-tooling/Smoke-Test.ps1","duplicate","agent-lee-agentic-os","QUARANTINE","","low","duplicate across repos canonical agent-lee-agentic-os","false","false"
"LeewayEdgeWebGPU","LeewayEdgeWebGPU/agents/MCP agents/vscode-mcp-tooling/Smoke-Test.ps1","duplicate","agent-lee-agentic-os","QUARANTINE","","low","duplicate across repos canonical agent-lee-agentic-os","false","false"
"LeewayEdgeWebGPU","LeewayEdgeWebGPU/agents/vscode-mcp-tooling/Smoke-Test.ps1","duplicate","agent-lee-agentic-os","QUARANTINE","","low","duplicate across repos canonical agent-lee-agentic-os","false","false"
"LeeWay-Agents-the-World-Within","LeeWay-Agents-the-World-Within/agents/MCP agents/vscode-mcp-tooling/src/bridge.js","duplicate","agent-lee-agentic-os","QUARANTINE","","low","duplicate across repos canonical agent-lee-agentic-os","false","false"
"LeeWay-Edge-Integrated","LeeWay-Edge-Integrated/gpu/agents/MCP agents/vscode-mcp-tooling/src/bridge.js","duplicate","agent-lee-agentic-os","QUARANTINE","","low","duplicate across repos canonical agent-lee-agentic-os","false","false"
"LeewayEdgeWebGPU","LeewayEdgeWebGPU/agents/MCP agents/vscode-mcp-tooling/src/bridge.js","duplicate","agent-lee-agentic-os","QUARANTINE","","low","duplicate across repos canonical agent-lee-agentic-os","false","false"
"LeeWay-Agents-the-World-Within","LeeWay-Agents-the-World-Within/agents/MCP agents/vscode-mcp-tooling/src/config.js","duplicate","agent-lee-agentic-os","QUARANTINE","","low","duplicate across repos canonical agent-lee-agentic-os","false","false"
"LeeWay-Edge-Integrated","LeeWay-Edge-Integrated/gpu/agents/MCP agents/vscode-mcp-tooling/src/config.js","duplicate","agent-lee-agentic-os","QUARANTINE","","low","duplicate across repos canonical agent-lee-agentic-os","false","false"
"LeewayEdgeWebGPU","LeewayEdgeWebGPU/agents/MCP agents/vscode-mcp-tooling/src/config.js","duplicate","agent-lee-agentic-os","QUARANTINE","","low","duplicate across repos canonical agent-lee-agentic-os","false","false"
"LeeWay-Agents-the-World-Within","LeeWay-Agents-the-World-Within/agents/MCP agents/vscode-mcp-tooling/src/dotenv.js","duplicate","agent-lee-agentic-os","QUARANTINE","","low","duplicate across repos canonical agent-lee-agentic-os","false","false"
"LeeWay-Edge-Integrated","LeeWay-Edge-Integrated/gpu/agents/MCP agents/vscode-mcp-tooling/src/dotenv.js","duplicate","agent-lee-agentic-os","QUARANTINE","","low","duplicate across repos canonical agent-lee-agentic-os","false","false"
"LeewayEdgeWebGPU","LeewayEdgeWebGPU/agents/MCP agents/vscode-mcp-tooling/src/dotenv.js","duplicate","agent-lee-agentic-os","QUARANTINE","","low","duplicate across repos canonical agent-lee-agentic-os","false","false"
"LeeWay-Agents-the-World-Within","LeeWay-Agents-the-World-Within/agents/MCP agents/vscode-mcp-tooling/src/exec.js","duplicate","agent-lee-agentic-os","QUARANTINE","","low","duplicate across repos canonical agent-lee-agentic-os","false","false"
"LeeWay-Edge-Integrated","LeeWay-Edge-Integrated/gpu/agents/MCP agents/vscode-mcp-tooling/src/exec.js","duplicate","agent-lee-agentic-os","QUARANTINE","","low","duplicate across repos canonical agent-lee-agentic-os","false","false"
"LeewayEdgeWebGPU","LeewayEdgeWebGPU/agents/MCP agents/vscode-mcp-tooling/src/exec.js","duplicate","agent-lee-agentic-os","QUARANTINE","","low","duplicate across repos canonical agent-lee-agentic-os","false","false"
"LeeWay-Agents-the-World-Within","LeeWay-Agents-the-World-Within/agents/MCP agents/vscode-mcp-tooling/src/tool.js","duplicate","agent-lee-agentic-os","QUARANTINE","","low","duplicate across repos canonical agent-lee-agentic-os","false","false"
"LeewayEdgeWebGPU","LeewayEdgeWebGPU/agents/MCP agents/vscode-mcp-tooling/src/tool.js","duplicate","agent-lee-agentic-os","QUARANTINE","","low","duplicate across repos canonical agent-lee-agentic-os","false","false"
"LeeWay-Agents-the-World-Within","LeeWay-Agents-the-World-Within/agents/MCP agents/vscode-mcp-tooling/vscode-mcp-settings-snippet.json","duplicate","agent-lee-agentic-os","QUARANTINE","","low","duplicate across repos canonical agent-lee-agentic-os","false","false"
"LeeWay-Edge-Integrated","LeeWay-Edge-Integrated/agent-lee---master-production-build/scripts/check-size-budget.mjs","duplicate","agent-lee-agentic-os","QUARANTINE","","low","duplicate across repos canonical agent-lee-agentic-os","false","false"
"LeeWay-Edge-RTC-main","LeeWay-Edge-RTC-main/scripts/check-size-budget.mjs","duplicate","agent-lee-agentic-os","QUARANTINE","","low","duplicate across repos canonical agent-lee-agentic-os","false","false"
"LeeWay-Edge-Integrated","LeeWay-Edge-Integrated/agent-lee---master-production-build/scripts/find-legacy-candidates.mjs","duplicate","agent-lee-agentic-os","QUARANTINE","","low","duplicate across repos canonical agent-lee-agentic-os","false","false"
"LeeWay-Edge-RTC-main","LeeWay-Edge-RTC-main/scripts/find-legacy-candidates.mjs","duplicate","agent-lee-agentic-os","QUARANTINE","","low","duplicate across repos canonical agent-lee-agentic-os","false","false"
"LeeWay-Agents-the-World-Within","LeeWay-Agents-the-World-Within/sdk/application-installer.js","duplicate","LeeWay-Agents-the-World-Within","QUARANTINE","","low","duplicate across repos canonical LeeWay-Agents-the-World-Within","false","false"
"LeewayEdgeWebGPU","LeewayEdgeWebGPU/sdk/application-installer.js","duplicate","LeeWay-Agents-the-World-Within","QUARANTINE","","low","duplicate across repos canonical LeeWay-Agents-the-World-Within","false","false"
"LeeWay-Agents-the-World-Within","LeeWay-Agents-the-World-Within/bin/leeway-skills.js","duplicate","LeeWay-Agents-the-World-Within","QUARANTINE","","low","duplicate across repos canonical LeeWay-Agents-the-World-Within","false","false"
"LeewayEdgeWebGPU","LeewayEdgeWebGPU/bin/leeway-skills.js","duplicate","LeeWay-Agents-the-World-Within","QUARANTINE","","low","duplicate across repos canonical LeeWay-Agents-the-World-Within","false","false"
"LeeWay-Agents-the-World-Within","LeeWay-Agents-the-World-Within/.leeway/full-package-smoke-2/sdk/index.js","duplicate","LeeWay-Agents-the-World-Within","QUARANTINE","","low","duplicate across repos canonical LeeWay-Agents-the-World-Within","false","false"
"LeeWay-Agents-the-World-Within","LeeWay-Agents-the-World-Within/.leeway/full-package-smoke/sdk/index.js","duplicate","LeeWay-Agents-the-World-Within","QUARANTINE","","low","duplicate across repos canonical LeeWay-Agents-the-World-Within","false","false"
"LeeWay-Agents-the-World-Within","LeeWay-Agents-the-World-Within/sdk/index.js","duplicate","LeeWay-Agents-the-World-Within","QUARANTINE","","low","duplicate across repos canonical LeeWay-Agents-the-World-Within","false","false"
"LeeWay-Edge-Integrated","LeeWay-Edge-Integrated/gpu/sdk/index.js","duplicate","LeeWay-Agents-the-World-Within","QUARANTINE","","low","duplicate across repos canonical LeeWay-Agents-the-World-Within","false","false"
"LeewayEdgeWebGPU","LeewayEdgeWebGPU/sdk/index.js","duplicate","LeeWay-Agents-the-World-Within","QUARANTINE","","low","duplicate across repos canonical LeeWay-Agents-the-World-Within","false","false"
"LeeWay-Agents-the-World-Within","LeeWay-Agents-the-World-Within/.leeway/full-package-smoke-2/LeeWay-Standards/README.md","duplicate","LeeWay-Agents-the-World-Within","QUARANTINE","","low","duplicate across repos canonical LeeWay-Agents-the-World-Within","false","false"
"LeeWay-Agents-the-World-Within","LeeWay-Agents-the-World-Within/.leeway/full-package-smoke/LeeWay-Standards/README.md","duplicate","LeeWay-Agents-the-World-Within","QUARANTINE","","low","duplicate across repos canonical LeeWay-Agents-the-World-Within","false","false"
"LeeWay-Edge-RTC-main","LeeWay-Edge-RTC-main/LeeWay-Standards/README.md","duplicate","LeeWay-Agents-the-World-Within","QUARANTINE","","low","duplicate across repos canonical LeeWay-Agents-the-World-Within","false","false"
"LeeWay-Agents-the-World-Within","LeeWay-Agents-the-World-Within/.leeway/full-package-smoke/config/.skillsignore","duplicate","LeeWay-Agents-the-World-Within","QUARANTINE","","low","duplicate across repos canonical LeeWay-Agents-the-World-Within","false","false"
"LeeWay-Agents-the-World-Within","LeeWay-Agents-the-World-Within/config/.skillsignore","duplicate","LeeWay-Agents-the-World-Within","QUARANTINE","","low","duplicate across repos canonical LeeWay-Agents-the-World-Within","false","false"
"LeewayEdgeWebGPU","LeewayEdgeWebGPU/config/.skillsignore","duplicate","LeeWay-Agents-the-World-Within","QUARANTINE","","low","duplicate across repos canonical LeeWay-Agents-the-World-Within","false","false"
"LeeWay-Edge-RTC-main","LeeWay-Edge-RTC-main/LeeWay-Standards/.gitignore","duplicate","LeeWay-Agents-the-World-Within","QUARANTINE","","low","duplicate across repos canonical LeeWay-Agents-the-World-Within","false","false"
"LeeWay-Agents-the-World-Within","LeeWay-Agents-the-World-Within/.leeway/full-package-smoke/LeeWay-Standards/examples/example-agent.js","duplicate","LeeWay-Agents-the-World-Within","QUARANTINE","","low","duplicate across repos canonical LeeWay-Agents-the-World-Within","false","false"
"LeeWay-Edge-RTC-main","LeeWay-Edge-RTC-main/LeeWay-Standards/examples/example-agent.js","duplicate","LeeWay-Agents-the-World-Within","QUARANTINE","","low","duplicate across repos canonical LeeWay-Agents-the-World-Within","false","false"
"LeeWay-Agents-the-World-Within","LeeWay-Agents-the-World-Within/.leeway/full-package-smoke/LeeWay-Standards/examples/NexusButton.tsx","duplicate","LeeWay-Agents-the-World-Within","QUARANTINE","","low","duplicate across repos canonical LeeWay-Agents-the-World-Within","false","false"
"LeeWay-Edge-RTC-main","LeeWay-Edge-RTC-main/LeeWay-Standards/examples/NexusButton.tsx","duplicate","LeeWay-Agents-the-World-Within","QUARANTINE","","low","duplicate across repos canonical LeeWay-Agents-the-World-Within","false","false"
"LeeWay-Agents-the-World-Within","LeeWay-Agents-the-World-Within/.leeway/full-package-smoke/LeeWay-Standards/LICENSE","duplicate","LeeWay-Agents-the-World-Within","QUARANTINE","","low","duplicate across repos canonical LeeWay-Agents-the-World-Within","false","false"
"LeeWay-Edge-RTC-main","LeeWay-Edge-RTC-main/LeeWay-Standards/LICENSE","duplicate","LeeWay-Agents-the-World-Within","QUARANTINE","","low","duplicate across repos canonical LeeWay-Agents-the-World-Within","false","false"
"LeeWay-Agents-the-World-Within","LeeWay-Agents-the-World-Within/.leeway/full-package-smoke/LeeWay-Standards/schemas/leeway-config.schema.json","duplicate","LeeWay-Agents-the-World-Within","QUARANTINE","","low","duplicate across repos canonical LeeWay-Agents-the-World-Within","false","false"
"LeeWay-Edge-RTC-main","LeeWay-Edge-RTC-main/LeeWay-Standards/schemas/leeway-config.schema.json","duplicate","LeeWay-Agents-the-World-Within","QUARANTINE","","low","duplicate across repos canonical LeeWay-Agents-the-World-Within","false","false"
"LeeWay-Agents-the-World-Within","LeeWay-Agents-the-World-Within/.leeway/full-package-smoke/LeeWay-Standards/schemas/leeway-header.schema.json","duplicate","LeeWay-Agents-the-World-Within","QUARANTINE","","low","duplicate across repos canonical LeeWay-Agents-the-World-Within","false","false"
"LeeWay-Edge-RTC-main","LeeWay-Edge-RTC-main/LeeWay-Standards/schemas/leeway-header.schema.json","duplicate","LeeWay-Agents-the-World-Within","QUARANTINE","","low","duplicate across repos canonical LeeWay-Agents-the-World-Within","false","false"
"LeeWay-Agents-the-World-Within","LeeWay-Agents-the-World-Within/.leeway/full-package-smoke/LeeWay-Standards/src/agents/discovery/architecture-map-agent.js","duplicate","LeeWay-Agents-the-World-Within","QUARANTINE","","low","duplicate across repos canonical LeeWay-Agents-the-World-Within","false","false"
"LeeWay-Edge-RTC-main","LeeWay-Edge-RTC-main/LeeWay-Standards/src/agents/discovery/architecture-map-agent.js","duplicate","LeeWay-Agents-the-World-Within","QUARANTINE","","low","duplicate across repos canonical LeeWay-Agents-the-World-Within","false","false"
"LeeWay-Agents-the-World-Within","LeeWay-Agents-the-World-Within/.leeway/full-package-smoke/LeeWay-Standards/src/agents/discovery/docs-agent.js","duplicate","LeeWay-Agents-the-World-Within","QUARANTINE","","low","duplicate across repos canonical LeeWay-Agents-the-World-Within","false","false"
"LeeWay-Edge-RTC-main","LeeWay-Edge-RTC-main/LeeWay-Standards/src/agents/discovery/docs-agent.js","duplicate","LeeWay-Agents-the-World-Within","QUARANTINE","","low","duplicate across repos canonical LeeWay-Agents-the-World-Within","false","false"
"LeeWay-Agents-the-World-Within","LeeWay-Agents-the-World-Within/.leeway/full-package-smoke/LeeWay-Standards/src/agents/discovery/explain-agent.js","duplicate","LeeWay-Agents-the-World-Within","QUARANTINE","","low","duplicate across repos canonical LeeWay-Agents-the-World-Within","false","false"
"LeeWay-Edge-RTC-main","LeeWay-Edge-RTC-main/LeeWay-Standards/src/agents/discovery/explain-agent.js","duplicate","LeeWay-Agents-the-World-Within","QUARANTINE","","low","duplicate across repos canonical LeeWay-Agents-the-World-Within","false","false"
"LeeWay-Agents-the-World-Within","LeeWay-Agents-the-World-Within/.leeway/full-package-smoke/LeeWay-Standards/src/agents/discovery/intent-registry-agent.js","duplicate","LeeWay-Agents-the-World-Within","QUARANTINE","","low","duplicate across repos canonical LeeWay-Agents-the-World-Within","false","false"
"LeeWay-Edge-RTC-main","LeeWay-Edge-RTC-main/LeeWay-Standards/src/agents/discovery/intent-registry-agent.js","duplicate","LeeWay-Agents-the-World-Within","QUARANTINE","","low","duplicate across repos canonical LeeWay-Agents-the-World-Within","false","false"
"LeeWay-Agents-the-World-Within","LeeWay-Agents-the-World-Within/.leeway/full-package-smoke/LeeWay-Standards/src/agents/discovery/schema-agent.js","duplicate","LeeWay-Agents-the-World-Within","QUARANTINE","","low","duplicate across repos canonical LeeWay-Agents-the-World-Within","false","false"
"LeeWay-Edge-RTC-main","LeeWay-Edge-RTC-main/LeeWay-Standards/src/agents/discovery/schema-agent.js","duplicate","LeeWay-Agents-the-World-Within","QUARANTINE","","low","duplicate across repos canonical LeeWay-Agents-the-World-Within","false","false"
"LeeWay-Agents-the-World-Within","LeeWay-Agents-the-World-Within/.leeway/full-package-smoke/LeeWay-Standards/src/agents/discovery/sitemap-agent.js","duplicate","LeeWay-Agents-the-World-Within","QUARANTINE","","low","duplicate across repos canonical LeeWay-Agents-the-World-Within","false","false"
"LeeWay-Edge-RTC-main","LeeWay-Edge-RTC-main/LeeWay-Standards/src/agents/discovery/sitemap-agent.js","duplicate","LeeWay-Agents-the-World-Within","QUARANTINE","","low","duplicate across repos canonical LeeWay-Agents-the-World-Within","false","false"
"LeeWay-Agents-the-World-Within","LeeWay-Agents-the-World-Within/.leeway/full-package-smoke/LeeWay-Standards/src/agents/governance/align-agent.js","duplicate","LeeWay-Agents-the-World-Within","QUARANTINE","","low","duplicate across repos canonical LeeWay-Agents-the-World-Within","false","false"
"LeeWay-Edge-RTC-main","LeeWay-Edge-RTC-main/LeeWay-Standards/src/agents/governance/align-agent.js","duplicate","LeeWay-Agents-the-World-Within","QUARANTINE","","low","duplicate across repos canonical LeeWay-Agents-the-World-Within","false","false"
"LeeWay-Agents-the-World-Within","LeeWay-Agents-the-World-Within/.leeway/full-package-smoke/LeeWay-Standards/src/agents/governance/assess-agent.js","duplicate","LeeWay-Agents-the-World-Within","QUARANTINE","","low","duplicate across repos canonical LeeWay-Agents-the-World-Within","false","false"
"LeeWay-Edge-RTC-main","LeeWay-Edge-RTC-main/LeeWay-Standards/src/agents/governance/assess-agent.js","duplicate","LeeWay-Agents-the-World-Within","QUARANTINE","","low","duplicate across repos canonical LeeWay-Agents-the-World-Within","false","false"
"LeeWay-Agents-the-World-Within","LeeWay-Agents-the-World-Within/.leeway/full-package-smoke/LeeWay-Standards/src/agents/governance/audit-agent.js","duplicate","LeeWay-Agents-the-World-Within","QUARANTINE","","low","duplicate across repos canonical LeeWay-Agents-the-World-Within","false","false"
"LeeWay-Edge-RTC-main","LeeWay-Edge-RTC-main/LeeWay-Standards/src/agents/governance/audit-agent.js","duplicate","LeeWay-Agents-the-World-Within","QUARANTINE","","low","duplicate across repos canonical LeeWay-Agents-the-World-Within","false","false"
"LeeWay-Agents-the-World-Within","LeeWay-Agents-the-World-Within/.leeway/full-package-smoke/LeeWay-Standards/src/agents/integrity/circular-dependency-agent.js","duplicate","LeeWay-Agents-the-World-Within","QUARANTINE","","low","duplicate across repos canonical LeeWay-Agents-the-World-Within","false","false"
"LeeWay-Edge-RTC-main","LeeWay-Edge-RTC-main/LeeWay-Standards/src/agents/integrity/circular-dependency-agent.js","duplicate","LeeWay-Agents-the-World-Within","QUARANTINE","","low","duplicate across repos canonical LeeWay-Agents-the-World-Within","false","false"
"LeeWay-Agents-the-World-Within","LeeWay-Agents-the-World-Within/.leeway/full-package-smoke/LeeWay-Standards/src/agents/integrity/dependency-graph-agent.js","duplicate","LeeWay-Agents-the-World-Within","QUARANTINE","","low","duplicate across repos canonical LeeWay-Agents-the-World-Within","false","false"
"LeeWay-Edge-RTC-main","LeeWay-Edge-RTC-main/LeeWay-Standards/src/agents/integrity/dependency-graph-agent.js","duplicate","LeeWay-Agents-the-World-Within","QUARANTINE","","low","duplicate across repos canonical LeeWay-Agents-the-World-Within","false","false"
"LeeWay-Agents-the-World-Within","LeeWay-Agents-the-World-Within/.leeway/full-package-smoke/LeeWay-Standards/src/agents/integrity/duplicate-logic-agent.js","duplicate","LeeWay-Agents-the-World-Within","QUARANTINE","","low","duplicate across repos canonical LeeWay-Agents-the-World-Within","false","false"
"LeeWay-Edge-RTC-main","LeeWay-Edge-RTC-main/LeeWay-Standards/src/agents/integrity/duplicate-logic-agent.js","duplicate","LeeWay-Agents-the-World-Within","QUARANTINE","","low","duplicate across repos canonical LeeWay-Agents-the-World-Within","false","false"
"LeeWay-Agents-the-World-Within","LeeWay-Agents-the-World-Within/.leeway/full-package-smoke/LeeWay-Standards/src/agents/integrity/import-agent.js","duplicate","LeeWay-Agents-the-World-Within","QUARANTINE","","low","duplicate across repos canonical LeeWay-Agents-the-World-Within","false","false"
"LeeWay-Edge-RTC-main","LeeWay-Edge-RTC-main/LeeWay-Standards/src/agents/integrity/import-agent.js","duplicate","LeeWay-Agents-the-World-Within","QUARANTINE","","low","duplicate across repos canonical LeeWay-Agents-the-World-Within","false","false"
"LeeWay-Agents-the-World-Within","LeeWay-Agents-the-World-Within/.leeway/full-package-smoke/LeeWay-Standards/src/agents/integrity/module-policy-agent.js","duplicate","LeeWay-Agents-the-World-Within","QUARANTINE","","low","duplicate across repos canonical LeeWay-Agents-the-World-Within","false","false"
"LeeWay-Edge-RTC-main","LeeWay-Edge-RTC-main/LeeWay-Standards/src/agents/integrity/module-policy-agent.js","duplicate","LeeWay-Agents-the-World-Within","QUARANTINE","","low","duplicate across repos canonical LeeWay-Agents-the-World-Within","false","false"
"LeeWay-Agents-the-World-Within","LeeWay-Agents-the-World-Within/.leeway/full-package-smoke/LeeWay-Standards/src/agents/integrity/refactor-scan-agent.js","duplicate","LeeWay-Agents-the-World-Within","QUARANTINE","","low","duplicate across repos canonical LeeWay-Agents-the-World-Within","false","false"
"LeeWay-Edge-RTC-main","LeeWay-Edge-RTC-main/LeeWay-Standards/src/agents/integrity/refactor-scan-agent.js","duplicate","LeeWay-Agents-the-World-Within","QUARANTINE","","low","duplicate across repos canonical LeeWay-Agents-the-World-Within","false","false"
